[
    {
        "Adc": {
            "Summoner Name": "Ripper",
            "Elo": 17
        },
        "Top": {
            "Summoner Name": "Linus",
            "Elo": 21
        },
        "Supp": {
            "Summoner Name": "LRAT",
            "Elo": 28
        },
        "Teamname": "BLM",
        "Mid": {
            "Summoner Name": "Denzer",
            "Elo": 21
        },
        "Jngl": {
            "Summoner Name": "MAYB1E",
            "Elo": 19
        }
    },
    {
        "Adc": {
            "Summoner Name": "Vademori",
            "Elo": 19
        },
        "Top": {
            "Summoner Name": "Miku",
            "Elo": 20
        },
        "Supp": {
            "Summoner Name": "TheWAP",
            "Elo": 20
        },
        "Teamname": "BTE",
        "Mid": {
            "Summoner Name": "dany8x8",
            "Elo": 11
        },
        "Jngl": {
            "Summoner Name": "Night Fury",
            "Elo": 21
        }
    },
    {
        "Adc": {
            "Summoner Name": "Algren",
            "Elo": 21
        },
        "Top": {
            "Summoner Name": "Losmurdereto",
            "Elo": 19
        },
        "Supp": {
            "Summoner Name": "Jesseija",
            "Elo": 22
        },
        "Teamname": "CHI",
        "Mid": {
            "Summoner Name": "Rebreathe",
            "Elo": 21
        },
        "Jngl": {
            "Summoner Name": "Yasa",
            "Elo": 20
        }
    },
    {
        "Adc": {
            "Summoner Name": "ToneriPrime",
            "Elo": 18
        },
        "Top": {
            "Summoner Name": "Timmu",
            "Elo": 14
        },
        "Supp": {
            "Summoner Name": "Grelis",
            "Elo": 21
        },
        "Teamname": "EMP",
        "Mid": {
            "Summoner Name": "The Pansen",
            "Elo": 21
        },
        "Jngl": {
            "Summoner Name": "3LS",
            "Elo": 15
        }
    },
    {
        "Adc": {
            "Summoner Name": "Eier",
            "Elo": 10
        },
        "Top": {
            "Summoner Name": "Leck",
            "Elo": 19
        },
        "Supp": {
            "Summoner Name": "Gartenzwerg",
            "Elo": 2
        },
        "Teamname": "ITP",
        "Mid": {
            "Summoner Name": "Stymex",
            "Elo": 4
        },
        "Jngl": {
            "Summoner Name": "Warhammer",
            "Elo": 2
        }
    },
    {
        "Adc": {
            "Summoner Name": "Command DDOS",
            "Elo": 18
        },
        "Top": {
            "Summoner Name": "ChangedbySupport",
            "Elo": 12
        },
        "Supp": {
            "Summoner Name": "Vamarox",
            "Elo": 19
        },
        "Teamname": "EXT",
        "Mid": {
            "Summoner Name": "GxRave",
            "Elo": 19
        },
        "Jngl": {
            "Summoner Name": "Levyelisapik",
            "Elo": 20
        }
    },
    {
        "Adc": {
            "Summoner Name": "Reset",
            "Elo": 26
        },
        "Top": {
            "Summoner Name": "Another Skumbags",
            "Elo": 14
        },
        "Supp": {
            "Summoner Name": "Boxhead",
            "Elo": 21
        },
        "Teamname": "SKB",
        "Mid": {
            "Summoner Name": "B4r4zz",
            "Elo": 18
        },
        "Jngl": {
            "Summoner Name": "Harry",
            "Elo": 18
        }
    },
    {
        "Adc": {
            "Summoner Name": "Shousakyu",
            "Elo": 16
        },
        "Top": {
            "Summoner Name": "Offensive",
            "Elo": 15
        },
        "Supp": {
            "Summoner Name": "Fabianhgw",
            "Elo": 14
        },
        "Teamname": "BLE",
        "Mid": {
            "Summoner Name": "Glumi",
            "Elo": 9
        },
        "Jngl": {
            "Summoner Name": "JUXYZ",
            "Elo": 13
        }
    },
    {
        "Adc": {
            "Summoner Name": "Ictis",
            "Elo": 17
        },
        "Top": {
            "Summoner Name": "schorrdi",
            "Elo": 20
        },
        "Supp": {
            "Summoner Name": "Ecki",
            "Elo": 17
        },
        "Teamname": "UBT",
        "Mid": {
            "Summoner Name": "Hikoge",
            "Elo": 20
        },
        "Jngl": {
            "Summoner Name": "Moppo",
            "Elo": 20
        }
    },
    {
        "Adc": {
            "Summoner Name": "Chwischi",
            "Elo": 17
        },
        "Top": {
            "Summoner Name": "NoirTempest",
            "Elo": 19
        },
        "Supp": {
            "Summoner Name": "Amari",
            "Elo": 19
        },
        "Teamname": "EWO",
        "Mid": {
            "Summoner Name": "Lina",
            "Elo": 21
        },
        "Jngl": {
            "Summoner Name": "MentallyUnstable",
            "Elo": 20
        }
    },
    {
        "Adc": {
            "Summoner Name": "Cupcake",
            "Elo": 21
        },
        "Top": {
            "Summoner Name": "Saibottob",
            "Elo": 17
        },
        "Supp": {
            "Summoner Name": "Pry Ocon",
            "Elo": 15
        },
        "Teamname": "SNK",
        "Mid": {
            "Summoner Name": "Sushiekiller",
            "Elo": 24
        },
        "Jngl": {
            "Summoner Name": "Evoh",
            "Elo": 20
        }
    },
    {
        "Adc": {
            "Summoner Name": "Fero",
            "Elo": 22
        },
        "Top": {
            "Summoner Name": "Fenris",
            "Elo": 8
        },
        "Supp": {
            "Summoner Name": "Lasju",
            "Elo": 13
        },
        "Teamname": "POW",
        "Mid": {
            "Summoner Name": "POW TroublBubble",
            "Elo": 21
        },
        "Jngl": {
            "Summoner Name": "Seadog",
            "Elo": 21
        }
    }
]
