[
    {
        "Adc": {
            "Summoner Name": "BLM Ripper",
            "Elo": 17
        },
        "Top": {
            "Summoner Name": "BLM Öhm Ignöre",
            "Elo": 19
        },
        "Supp": {
            "Summoner Name": "BLM LRAT",
            "Elo": 18
        },
        "Sub1": {
            "Summoner Name": "pee kha boo",
            "Elo": 20
        },
        "Teamname": "BLM",
        "Mid": {
            "Summoner Name": "BLM Çhwischi",
            "Elo": 20
        },
        "Jngl": {
            "Summoner Name": "BLM MAYB1E",
            "Elo": 18
        }
    },
    {
        "Adc": {
            "Summoner Name": "ErgusTV",
            "Elo": 20
        },
        "Top": {
            "Summoner Name": "Black True Amogus",
            "Elo": 16
        },
        "Supp": {
            "Summoner Name": "Legensimir",
            "Elo": 14
        },
        "Teamname": "BU",
        "Mid": {
            "Summoner Name": "Megumid",
            "Elo": 18
        },
        "Jngl": {
            "Summoner Name": "Borkenkäfer",
            "Elo": 18
        }
    },
    {
        "Adc": {
            "Summoner Name": "Usejin",
            "Elo": 21
        },
        "Top": {
            "Summoner Name": "KayzMayz",
            "Elo": 22
        },
        "Supp": {
            "Summoner Name": "BLM Osaft",
            "Elo": 13
        },
        "Teamname": "FF",
        "Mid": {
            "Summoner Name": "Linα",
            "Elo": 16
        },
        "Jngl": {
            "Summoner Name": "10rob7bery",
            "Elo": 20
        }
    },
    {
        "Adc": {
            "Summoner Name": "ViNINE DeMazen",
            "Elo": 16
        },
        "Top": {
            "Summoner Name": "shongen",
            "Elo": 15
        },
        "Sub3": {
            "Summoner Name": "ZweiZentnerJoe",
            "Elo": 14
        },
        "Supp": {
            "Summoner Name": "Don Sinan",
            "Elo": 19
        },
        "Sub2": {
            "Summoner Name": "Lightsick",
            "Elo": 14
        },
        "Sub1": {
            "Summoner Name": "BaKiraa",
            "Elo": 10
        },
        "Teamname": "TTM",
        "Mid": {
            "Summoner Name": "Exis",
            "Elo": 18
        },
        "Jngl": {
            "Summoner Name": "Dennodinho",
            "Elo": 8
        }
    },
    {
        "Adc": {
            "Summoner Name": "NSM Rekkels",
            "Elo": 15
        },
        "Top": {
            "Summoner Name": "Dackralter",
            "Elo": 17
        },
        "Sub3": {
            "Summoner Name": "NSM Zoria",
            "Elo": 20
        },
        "Supp": {
            "Summoner Name": "NSM Pütti",
            "Elo": 15
        },
        "Sub2": {
            "Summoner Name": "NSM Yanez",
            "Elo": 20
        },
        "Sub1": {
            "Summoner Name": "NSM Kaitohs",
            "Elo": 20
        },
        "Teamname": "NSM",
        "Mid": {
            "Summoner Name": "NSM Faceless",
            "Elo": 20
        },
        "Jngl": {
            "Summoner Name": "NSM Sinas",
            "Elo": 15
        }
    },
    {
        "Adc": {
            "Summoner Name": "BenBanBo",
            "Elo": 14
        },
        "Top": {
            "Summoner Name": "autumnus1",
            "Elo": 16
        },
        "Supp": {
            "Summoner Name": "Kann Nicks",
            "Elo": 16
        },
        "Sub1": {
            "Summoner Name": "fools Chronicles",
            "Elo": 16
        },
        "Teamname": "MIG",
        "Mid": {
            "Summoner Name": "Glunox",
            "Elo": 9
        },
        "Jngl": {
            "Summoner Name": "ItsOnlyFûnRelax",
            "Elo": 14
        }
    },
    {
        "Adc": {
            "Summoner Name": "skumbag reset",
            "Elo": 20
        },
        "Top": {
            "Summoner Name": "Another Skumbag",
            "Elo": 16
        },
        "Supp": {
            "Summoner Name": "skumbag boxhead",
            "Elo": 18
        },
        "Teamname": "SKB",
        "Mid": {
            "Summoner Name": "ZoeLoveMooncakes",
            "Elo": 19
        },
        "Jngl": {
            "Summoner Name": "Harryyyy",
            "Elo": 20
        }
    },
    {
        "Adc": {
            "Summoner Name": "INT GoeserUwU",
            "Elo": 17
        },
        "Top": {
            "Summoner Name": "INT HiItsMe19",
            "Elo": 16
        },
        "Supp": {
            "Summoner Name": "INT iKiTeX",
            "Elo": 17
        },
        "Sub1": {
            "Summoner Name": "Cookie Chan",
            "Elo": 11
        },
        "Teamname": "IP",
        "Mid": {
            "Summoner Name": "INT Spark",
            "Elo": 20
        },
        "Jngl": {
            "Summoner Name": "INT Penta",
            "Elo": 16
        }
    },
    {
        "Adc": {
            "Summoner Name": "SFD Cupcake",
            "Elo": 20
        },
        "Top": {
            "Summoner Name": "SFD Saibottob",
            "Elo": 20
        },
        "Sub3": {
            "Summoner Name": "SFD Autofill",
            "Elo": 12
        },
        "Supp": {
            "Summoner Name": "SFD Sanojjon",
            "Elo": 16
        },
        "Sub2": {
            "Summoner Name": "MrMysticus",
            "Elo": 18
        },
        "Sub1": {
            "Summoner Name": "SFD Blackapple",
            "Elo": 18
        },
        "Teamname": "SFD",
        "Mid": {
            "Summoner Name": "SFD SushieKiller",
            "Elo": 24
        },
        "Jngl": {
            "Summoner Name": "SFD Evoh",
            "Elo": 19
        }
    },
    {
        "Adc": {
            "Summoner Name": "EMG Luffy",
            "Elo": 16
        },
        "Top": {
            "Summoner Name": "EMG Valeska",
            "Elo": 14
        },
        "Supp": {
            "Summoner Name": "EMG Ping Pong",
            "Elo": 17
        },
        "Sub2": {
            "Summoner Name": "Amari",
            "Elo": 19
        },
        "Sub1": {
            "Summoner Name": "EMG Crusader",
            "Elo": 11
        },
        "Teamname": "EMG",
        "Mid": {
            "Summoner Name": "EMG Falcone",
            "Elo": 14
        },
        "Jngl": {
            "Summoner Name": "EMG Deζζad",
            "Elo": 16
        }
    },
    {
        "Adc": {
            "Summoner Name": "Command DD0S",
            "Elo": 20
        },
        "Top": {
            "Summoner Name": "xbaijlbj",
            "Elo": 18
        },
        "Supp": {
            "Summoner Name": "Vamarox",
            "Elo": 17
        },
        "Sub1": {
            "Summoner Name": "hefalumph",
            "Elo": 15
        },
        "Teamname": "EXT",
        "Mid": {
            "Summoner Name": "Levyelisapik",
            "Elo": 16
        },
        "Jngl": {
            "Summoner Name": "ChangedbySupport",
            "Elo": 12
        }
    },
    {
        "Adc": {
            "Summoner Name": "SínB",
            "Elo": 16
        },
        "Top": {
            "Summoner Name": "Sînon",
            "Elo": 16
        },
        "Supp": {
            "Summoner Name": "corneria",
            "Elo": 20
        },
        "Sub2": {
            "Summoner Name": "Int DOg v1",
            "Elo": 16
        },
        "Sub1": {
            "Summoner Name": "ArixtheRealOne",
            "Elo": 20
        },
        "Teamname": "TAA",
        "Mid": {
            "Summoner Name": "Raazer1",
            "Elo": 21
        },
        "Jngl": {
            "Summoner Name": "Liker",
            "Elo": 23
        }
    }
]
